{
  "id": [
    0,
    1
  ],
  "duracion": [
    5.482165,
    5.215589999999999
  ],
  "hora": [
    "5_12_2017 12_32_48",
    "5_12_2017 12_33_1"
  ],
  "lugar": [
    "Sportlife",
    "Sportlife"
  ]
}